{
	"Actors": [
		{
			"Name": "Alice",
			"Color": {
				"r": 0.0,
				"g": 0.6235,
				"b": 1.0
			},
			"WindowColor": {
				"r": 0.0,
				"g": 0.218,
				"b": 0.35
			}
		},
		{
			"Name": "Rui",
			"Color": {
				"r": 1.0,
				"g": 0.0,
				"b": 0.0
			},
			"WindowColor": {
				"r": 0.35,
				"g": 0.0,
				"b": 0.0
			}
		}
	],
	"Dialogue": [
		{
			"Actor": "Alice",
			"Text": "Blah blah blah"
		},
		{
			"Actor": "Rui",
			"Text": "The fuck?"
		},
		{
			"Actor": "Alice",
			"Text": "Hey no swearing! You're too young to be saying stuff like that"
		},
		{
			"Actor": "Rui",
			"Text": "Bitch"
		},
		{
			"Actor": "Alice",
			"Text": "Rui nooooooooooooo!"
		}
	]
}